{"cameraMode":{"drawMode":0,"name":"Shaded","section":"Shading Mode"},"sceneLighting":true,"audioPlay":false,"sceneViewState":{"m_AlwaysRefresh":false,"showFog":true,"showSkybox":true,"showFlares":true,"showImageEffects":true,"showParticleSystems":true,"showVisualEffectGraphs":true,"m_FxEnabled":true},"in2DMode":false,"pivot":{"x":593.5897827148438,"y":623.1915893554688,"z":-27.281578063964845},"rotation":{"x":0.02247983030974865,"y":0.04047869145870209,"z":-0.0009106514044106007,"w":0.9989305138587952},"size":347.70428466796877,"orthographic":true}